,xdata,ydata
0,237.97708613175612,1338.3412445580027
1,239.34384364943062,1341.8604293900428
2,240.6963431822581,1345.4404730634953
3,242.06247142739358,1349.0805263838747
4,243.4143483239057,1352.7797466955171
5,244.779847730994,1356.5372978395287
6,246.1311024210466,1280.804327166843
7,247.49597342417192,1213.4934442827946
8,248.8466063372283,1155.9151397513865
9,250.21084937007802,1108.7677584601429
10,251.56086093520472,1070.1041149237294
11,252.92447643106937,1020.9349684485128
12,254.27386707693387,986.6496444929637
13,255.63685546870505,956.6177222351296
14,256.9856256235867,933.4437255082137
15,258.34798734375266,911.2603276310844
16,259.6961374355363,895.8901262287494
17,261.0439792449077,870.6373030325544
18,262.405403372364,856.4204039391775
19,263.75262575862666,834.1556442225334
20,265.1134242928686,823.1317608978125
21,266.4600276829228,799.7248240845793
22,267.820201055053,784.2958249422794
23,269.1661858754066,760.7072856639867
24,270.5257345161352,725.1247468055328
25,271.8711011929077,702.4128003461656
26,273.2161605414527,660.5175851188824
27,274.574774491458,624.5204243370532
28,275.91921633377456,605.3472636155202
29,277.2772066263174,564.7696196152295
30,278.6210313875429,539.553599503649
31,279.97839845195,492.57069391081603
32,281.3216065568358,462.94639388746737
33,282.6645080727941,431.0892000568094
34,284.0209426949441,400.25635568300635
35,285.36322818987264,381.92310218700413
36,286.7190406543826,340.22593533409963
37,288.060710552057,313.4100556005038
38,289.4020743872687,290.9600239457617
39,290.7569560106865,251.37512394229344
40,292.09770488250115,221.39249763372536
41,293.4519654163221,188.51941900211176
42,294.7920997475482,175.63133336029318
43,296.1319285415729,142.98872400261314
44,297.48525983179985,126.80816928281165
45,298.82447471763805,112.31285084915412
46,300.16338438064145,90.78612384273026
47,301.51578738336946,78.46122152921089
48,302.85408376972117,66.99192304430957
49,304.20586738620983,53.04670073735428
50,305.5435509171766,40.77965635827357
51,306.8809297486507,34.02239357794329
52,308.2317866692969,18.80597296796841
53,309.5685532754746,16.076947770600928
54,310.9050154953769,13.081058671370448
55,312.2549466727802,4.591822914251643
56,313.59079729661795,-1.1456774082415904
57,314.9263438469662,7.752842105288728
58,316.2753502324164,-2.2894457523206073
59,317.6102858150711,11.986644444621998
60,318.9449176365907,14.826015296373553
61,320.2930001800809,33.9295823577607
62,321.62702166141065,49.45088675410021
63,322.96073969354313,71.2072891630344
64,324.30789934376116,71.9579455443123
65,325.641007662351,88.62961105893802
66,326.9738128432436,106.90887565365192
67,328.32005054758264,113.0334001143859
68,329.6522466407275,111.0508763492653
69,330.98413990725015,128.72233574527831
70,332.3157304503991,129.4164622590589
71,333.6607414155114,143.9890035816351
72,334.99172370325465,151.97571022274292
73,336.32240357813316,151.17172353483267
74,337.666494801827,152.2337163309222
75,338.9965670450956,164.52050919942195
76,340.32633718558776,166.22921034741137
77,341.65580532621385,167.208970854046
78,342.9986727427692,182.99282007265484
79,344.32753408147755,186.23957700599058
80,345.65609372984653,205.79160064790153
81,346.9980436024249,208.77961955348502
82,348.32599707068556,202.49735529862667
83,349.6536491577021,205.30832773523485
84,350.9809999660638,210.10411214912338
85,352.32172895425464,216.26646349593165
86,353.64847440956135,215.966477561717
87,354.974918894749,225.23544406194634
88,356.3010625122183,222.76364671624458
89,357.6405722813735,236.66262364905387
90,358.9661113713341,248.04878843556725
91,360.2913499015548,255.7241872537301
92,361.6162879742455,278.78963300086065
93,362.940925691575,283.4483882124623
94,364.2789145559197,296.40781022440683
95,365.6029487750386,306.54809764648985
96,366.9266829460743,327.5883793011136
97,368.2501171710091,343.0295337186772
98,369.5868905512407,349.14914260211515
99,370.9097221001392,373.786873246673
100,372.2322540096576,371.00787645039
101,373.5544863815916,388.86871383565057
102,374.87641931769355,383.98592259754673
103,376.2116764498345,390.4642164684526
104,377.53300773499603,419.0030090245238
105,378.8540398903481,429.54715686521916
106,380.1747730174565,450.09661897565826
107,381.4952072178439,449.2723581813908
108,382.8153425929808,474.0267791725944
109,384.14878425238,498.9188653035798
110,385.4683192032059,510.0482474089715
111,386.78755563397544,537.4229285916662
112,388.10649364598135,549.6519067981305
113,389.4251333404642,571.9013750737894
114,390.7570644151939,587.5774191887419
115,392.07510470535937,602.4661199863372
116,393.3928469825065,615.7381084509195
117,394.7102913476937,630.1731131438552
118,396.0274379019384,654.4410963597122
119,397.34428674620796,668.3015656772886
120,398.66083798142853,683.4535465784256
121,399.99065978552466,705.3996149125132
122,401.3066130397055,716.4071779433041
123,402.622268988375,734.553259819312
124,403.9376277322729,758.6390657555289
125,405.25268937209546,771.2566554563763
126,406.56745400849576,783.54738640549
127,407.88192174207256,791.6734395293644
128,409.1960926733921,811.2914419336995
129,410.5235104533058,824.1039018558015
130,411.837085024379,812.4201461586131
131,413.1503630956331,827.9543506907842
132,414.46334476744363,832.7695467549764
133,415.7760301401448,837.368785948105
134,417.0884193140231,834.3225283637834
135,418.4005123893217,841.5507905683825
136,419.71230946623393,847.6092321729252
137,421.0238106449162,855.8356132901612
138,422.3350160254685,862.5432282590161
139,423.6594387011807,867.3946738268157
140,424.97004973873374,870.7600355252059
141,426.2803652792398,894.922769966174
142,427.590385422619,885.1070567041189
143,428.9001102687545,892.3526223925173
144,430.2095399174818,892.4858761846031
145,431.5186744685887,907.2642844807013
146,432.8275140218197,894.9605532491825
147,434.1360586768801,901.2278335259866
148,435.4443085334211,894.6519439517201
149,436.7522636910528,899.6348526508809
150,438.05992424934175,884.3698380581457
151,439.367290307809,889.2515829132171
152,440.67436196593235,879.1385245631428
153,441.9811393231352,876.2613907840896
154,443.30108984553345,857.0297186084513
155,444.6072758675567,852.8141008399912
156,445.91316788771286,848.2908329413647
157,447.21876600525627,846.5155624152077
158,448.5240703193871,833.1627306606856
159,449.8290809292708,829.1337505099858
160,451.13379793402726,808.0034130879726
161,452.43822143272666,801.7070034696864
162,453.74235152439775,780.3381081896322
163,455.0461883080282,758.5444511263175
164,456.3497318825515,754.9685459242412
165,457.65298234686855,738.3543211574505
166,458.95593979982397,729.4928888684693
167,460.25860434022746,700.4737135182202
168,461.5609760668434,684.8570337894512
169,462.86305507838193,683.7780882649614
170,464.1648414735206,681.7362328349124
171,465.46633535088495,676.1982431130923
172,466.76753680906364,664.8665879768831
173,468.06844594659117,663.7789752736641
174,469.3690628619694,668.6701696064862
175,470.6693876536461,656.2663971706331
176,471.96942042002564,655.8180413855396
177,473.26916125947554,650.040949403614
178,474.56861027031334,650.2430859429803
179,475.86776755081115,644.1486497634704
180,477.15324431912364,613.9378654444732
181,478.4518214386003,587.2054489469189
182,479.75010712128466,579.757387395932
183,481.04810146527757,571.026043280345
184,482.34580456863426,540.8840397563908
185,483.64321652936667,520.2076808384575
186,484.9403374454389,505.0178814282947
187,486.2371674147761,488.7459568352195
188,487.53370653525354,454.10335376755506
189,488.82995490470967,430.13139198078034
190,490.1259126209351,424.0657764377072
191,491.42157978167506,406.18508863277776
192,492.7169564846378,391.6546999347285
193,494.0120428274775,362.20765065573016
194,495.3068389078113,350.62594466449764
195,496.58800088135234,342.8656935884186
196,497.8822197192374,335.51569703845206
197,499.1761485861998,307.2019854386159
198,500.46978757967673,299.0146958097359
199,501.76313679707073,298.33778300418845
200,503.05619633573457,291.39645695291705
201,504.34896629297526,271.9041559971869
202,505.6414467660632,269.4175278003211
203,506.9336378522209,266.1668593862542
204,508.2255396486276,277.39268811374075
205,509.50383813355575,274.7177232241553
206,510.7951646217022,278.9133132526493
207,512.0862021103754,279.68448832668145
208,513.3769506965812,293.92587011149874
209,514.6674104772861,302.39253440132006
210,515.9575815494094,313.68945851484625
211,517.2474640098264,322.89118705537834
212,518.5370579553718,343.62356735047695
213,519.8130731443061,359.85447506946264
214,521.1020933223207,378.67103603857214
215,522.3908252747046,389.7579415934433
216,523.6792690981171,404.340079415277
217,524.9674248891776,422.35382425669604
218,526.2552927444582,438.85669355643114
219,527.5428727604899,464.7975501159888
220,528.8168954469896,482.79778901537475
221,530.1039030388777,509.68336888437545
222,531.3906230798582,527.7472925961617
223,532.6770556662863,534.2621590946438
224,533.9632008944805,561.4883211782479
225,535.2358040581605,575.5832677779822
226,536.5213778186443,594.5900076761669
227,537.8066645085871,610.4471377853374
228,539.0916642241403,628.9053331901849
229,540.376377061399,645.1909177895839
230,541.6608031164278,651.0800200379973
231,542.9317053972488,673.0285183508369
232,544.215561129862,676.8646177590392
233,545.4991303671728,686.0005589005636
234,546.7824132050661,708.9207332369947
235,548.0654097393873,715.4806825624194
236,549.3348977079039,725.4967074042153
237,550.6173248715656,732.6879677230343
238,551.8994660179454,750.658398796993
239,553.1813212427176,758.2790015208033
240,554.4496800436762,762.8305816342128
241,555.7309666572746,769.1398241902523
242,557.011967635046,765.4268350904064
243,558.2926830724977,782.4203640360045
244,559.5731130650893,780.4303804447493
245,560.8400617961745,782.7385535354733
246,562.1199241255385,777.3537681738577
247,563.3995012951898,771.3760185301326
248,564.6787934004212,775.0031864083842
249,565.9446163493501,753.2169882850815
250,567.2233415478061,743.4807831806513
251,568.5017819664797,734.1856356522396
252,569.7799377004948,731.1261893791443
253,571.0446363671201,703.7567876902751
254,572.3222259494676,680.0102291300065
255,573.599531131291,681.7861268786972
256,574.8633882939362,656.3568173942418
257,576.1401278890567,643.5158473766601
258,577.4165833674085,629.6199525793899
259,578.6927548238224,600.1358945244748
260,579.9554903215343,594.1593488582056
261,581.2310969440068,578.5451373418035
262,582.5064198277958,561.0843131440967
263,583.7683157798157,531.5504738438383
264,585.043074392876,528.3132557613267
265,586.3175495501274,505.1333566856454
266,587.5917413461062,473.42084531483147
267,588.8525182424424,462.6694097214537
268,590.126146518123,442.82609541505286
269,591.3994917149004,430.43226403198076
270,592.6594310177699,414.107532944954
271,593.9322132557184,388.1219808008002
272,595.2047126967668,365.03421632572326
273,596.4638152405649,336.6121597232377
274,597.7357522835035,324.2530559761333
275,599.0074068111702,307.7916023844282
276,600.2656734291974,284.51082314255143
277,601.5367661187272,280.53068636634146
278,602.8075765742358,260.0452357371927
279,604.0650080986758,243.74751248439554
280,605.3352572752855,223.94316291064243
281,606.6052244987495,210.44011579858943
282,607.8618217606889,201.26157659100602
283,609.131228263744,187.69537507884613
284,610.4003530941646,180.47564983583766
285,611.6561169235819,175.89376594943832
286,612.9246815913419,161.26346484170963
287,614.1798912164941,160.22742818478292
288,615.4478960923756,148.38173981834586
289,616.7156197619855,133.58809479450463
290,617.969997334523,128.58081816462249
291,619.2371617687731,115.17447294805918
292,620.504045276268,114.68067741043367
293,621.7575916232419,94.24141901216763
294,623.0239164511627,97.62193275877584
295,624.2769100610161,90.89675728350836
296,625.5426765788375,79.0149325373414
297,626.8081626346141,73.86761121706712
298,628.0603263939455,70.9843771551833
299,629.325254694179,67.84018041939913
300,630.5768666304916,68.0333451195683
301,631.8412375438411,68.17181667463399
302,633.1053284588419,65.31894242273319
303,634.3561119166383,66.57300370872373
304,635.6196459980883,77.93793361329791
305,636.8698785449534,70.78719813225877
306,638.1328561607053,68.31439692887767
307,639.3825381605361,65.05351024276162
308,640.6449596781083,61.54008577726037
309,641.9071018445962,59.26121278388213
310,643.1559572810737,65.68295571809519
311,644.4175439010111,60.32398473675235
312,645.6658496997313,53.36092045127525
313,646.9268811398364,48.30483079734286
314,648.1746376635756,47.49798869230362
315,649.4351142902373,35.255758628155725
316,650.6823219014466,35.19947857567815
317,651.9422440807391,44.29286153951827
318,653.2018877380779,47.53147874172082
319,654.4482712392253,48.250908746844416
320,655.7073609986383,52.72491083059063
321,656.9531964929396,50.84301337884326
322,658.2117327196923,57.379632499476195
323,659.4570205684862,59.969504644189094
324,660.7150036275211,67.8655244086287
325,661.9597441918315,62.876715928751345
326,663.2171744477746,67.2847159988923
327,664.4613680883027,63.73245150431552
328,665.7182459054544,61.27956188456379
329,666.9618929825913,57.04496507170843
330,668.2182187249357,48.0716413441286
331,669.4613195987533,40.661001738362465
332,670.7170936299514,27.69439767827367
333,671.9596486602056,24.24619240870241
334,673.2148713435994,21.70056770117557
335,674.456880889727,16.29868164592053
336,675.7115525883421,8.527848852830775
337,676.9530170094721,7.7075528358987135
338,678.2071380860132,17.5926999872116
339,679.4480577409493,6.270725592593571
340,680.7016285578067,5.470788018588391
341,681.9420038050466,13.624628024903869
342,683.1821083922297,10.421490168249694
343,684.4348559220084,3.0407785992382195
344,685.6744166377181,3.661051115024602
345,686.9266148114543,5.177436559200396
346,688.1656320133992,17.983268011216804
347,689.4172811923688,12.72507807946904
348,690.6557552379495,8.692424742637268
349,691.9068557831114,-3.725599213449732
350,693.1447870294036,4.78225660525748
351,694.3953393014025,4.923649163252485
352,695.6327281051801,1.092624962554255
353,696.8698472257606,7.917310641878721
354,698.1195791820626,12.406399224922424
355,699.3561563937728,16.310431200329514
356,700.60534097621,10.603508320611818
357,701.8413766350369,6.0970068839298985
358,703.077143052891,15.617453302059621
359,704.3255086647727,27.008387779785316
360,705.5607340622233,34.71291127803659
361,706.8085531975713,34.27487812290778
362,708.0432379298314,37.52959626493941
363,709.2776538623739,45.29062453809371
364,710.5246553693696,48.08533586586169
365,711.7585311680369,55.40229114352585
366,713.0049870938677,46.741767178534865
367,714.2383231130965,56.18462821899
368,715.4713907728976,63.34957933472251
369,716.7170304096456,68.12729507388305
370,717.9495588201657,64.92140768808056
371,719.194653769164,66.13129226983907
372,720.4266432840611,80.97989292623338
373,721.6583648788645,83.8418582347048
374,722.9026448751287,94.50923530172093
375,724.1338281033109,88.95776393066443
376,725.364743674353,88.90022370975132
377,726.6082095177401,108.59408195359642
378,727.8385872504689,106.33515330565217
379,729.0686975886711,104.24958189438047
380,730.3113500779909,107.34931561389237
381,731.5409231054937,116.36625234766193
382,732.7702290007404,126.2973878019346
383,734.0120689337533,121.1262735199041
384,735.2408380452273,127.17018913393927
385,736.4693402863711,126.21425783090106
386,737.7103684598029,135.38330156843804
387,738.938334443409,145.715779322789
388,740.1660338182724,149.70109155849912
389,741.4062510278019,166.94630457732276
390,742.6334146706771,165.7345033003443
391,743.8603119660484,177.7982539902906
392,745.0997190063154,187.46474369686769
393,746.3260810945628,190.02033080092318
394,747.5521770962087,206.72145668788954
395,748.7907747608167,224.9276289280106
396,750.0163360795158,226.93595610499833
397,751.2416315721732,242.46915156928983
398,752.466661325267,264.14156901945483
399,753.7041819868939,263.0282307649085
400,754.9286777542783,262.43136490941555
401,756.1529080422056,286.26217840708983
402,757.3896211749733,289.4180875217235
403,758.6133179997745,304.1303425440317
404,759.8367496048871,309.9599217675888
405,761.0599160765247,326.86970143088206
406,762.2955546628422,333.56356934209225
407,763.5181883664703,361.38222579448427
408,764.7405571959429,367.77615688417967
409,765.9626612373238,368.2400001212793
410,767.1972266770459,386.495426587921
411,768.4187986443242,410.4289623840613
412,769.6401060823814,415.22135818831885
413,770.8611490771277,438.08265477069114
414,772.0946427676824,444.7484954521314
415,773.3151543810337,455.38580880582873
416,774.5354018094935,449.19415039818705
417,775.7553851388287,462.2525289245238
418,776.987808475218,456.0858258164392
419,778.2072611146602,468.63273500238057
420,779.4264499129465,478.654826027319
421,780.6453749556962,476.8447697205351
422,781.8767293305038,483.98245026087903
423,783.0951243736635,485.43983864802453
424,784.3132559188061,483.5822192978343
425,785.531124051404,481.06272288613496
426,786.748728856888,489.5910920170611
427,787.9787496769121,505.580727946822
428,789.195825343556,500.68088082667487
429,790.4126379400504,508.7032131738636
430,791.6291875516811,515.549674687907
431,792.8454742636942,510.97699008721145
432,794.0741636941212,524.9019756812476
433,795.2899221261799,520.2359056733932
434,796.5054179150305,532.6583004350337
435,797.7206511457745,523.5854845809157
436,798.9356219034738,534.1546560766941
437,800.1503302731517,530.7171631130515
438,801.3774254395719,535.248142572407
439,802.5916065571536,536.710666277699
440,803.8055255424597,531.8110610261003
441,805.0191824803725,523.6462765748433
442,806.2325774557308,523.4639623794403
443,807.445710553341,526.1891200242294
444,808.671214556655,520.5369192552679
445,809.8838214273622,510.927820564783
446,811.0961666754016,523.4431723053431
447,812.308250385434,517.2819856660496
448,813.5200726420815,525.2011168387038
449,814.7316335299333,512.163542232747
450,815.9429331335358,507.90177148080977
451,817.1665851464896,511.320127916495
452,818.3773597155928,505.96282495572586
453,819.587873254759,505.28039561573064
454,820.7981258483914,493.43938367865593
455,822.008117580856,491.27694241039023
456,823.2178485364865,491.83901377105684
457,824.4273187995752,481.7206063634131
458,825.6365284543821,483.00495310769884
459,826.8454775851278,477.91509898417377
460,828.066755412906,464.67115038917495
461,829.2751810364549,467.00302658285983
462,830.4833463892687,457.98859597511813
463,831.691251555423,468.75199623696534
464,832.8988966189587,462.19709230549614
465,834.1062816638796,462.77109707590336
466,835.3134067741529,463.3478759652958
467,836.520272033711,461.21977090791376
468,837.7268775264495,460.1650863250068
469,838.9332233362293,450.23435553096175
470,840.1393095468744,445.0587903550445
471,841.3451362421697,451.5687454433015
472,842.5632601332115,439.0760974921221
473,843.768565347929,438.1472544420257
474,844.9736112993152,429.303199478477
475,846.178398071014,428.7638446763295
476,847.3829257466307,423.4648075028826
477,848.5871944097396,421.0377309781612
478,849.7912041438744,410.5030299307336
479,850.9949550325317,406.5067100169404
480,852.1984471591796,400.47737381793326
481,853.4016806072412,387.39496498071725
482,854.6046554601112,382.8666040567275
483,855.8073718011451,384.0239711398544
484,857.0098297136594,379.14972645352174
485,858.2120292809428,369.6125362751189
486,859.4139705862401,358.4167683024792
487,860.6156537127661,348.45329232927475
488,861.8170787436986,348.7119337314229
489,863.0182457621742,347.8171757019141
490,864.2191548513014,341.25796797607416
491,865.4198060941516,337.723318048466
492,866.6201995737554,334.1827112081826
493,867.8203353731126,331.65966659252376
494,869.0202135751865,324.4698418080458
495,870.2198342629055,313.91556836844296
496,871.4191975191569,310.9142494202826
497,872.6183034267997,313.99120042673474
498,873.817152068654,311.3956746312222
499,875.015743527505,298.3686647477209
500,876.2140778861035,296.4146962270369
501,877.412155227159,289.90215551713254
502,878.6099756333547,288.9963943216703
503,879.8075391873309,292.1320673959698
504,881.004845971695,279.15593660340323
505,882.2018960690198,281.26984676870836
506,883.3986895618435,282.1242811516602
507,884.5952265326652,290.8727613440685
508,885.7915070639515,278.7078895438863
509,886.9875312381322,281.62368198548313
510,888.1832991376043,284.23438457860254
511,889.3788108447283,291.1797298557412
512,890.5740664418255,296.8625657580773
513,891.7690660111889,288.86199970628405
514,892.951365707871,283.9893611179006
515,894.1458561333095,289.0777980515033
516,895.3400907768137,283.8106071063991
517,896.5340697205337,289.87146328547647
518,897.7277930465802,268.584041451195
519,898.9212608370343,276.756503538282
520,900.1144731739392,268.22403453841156
521,901.3074301393023,261.4359232563898
522,902.5001318150976,260.0179088825052
523,903.6925782832626,255.78383210756772
524,904.8847696257003,252.13964205291796
525,906.0767059242809,250.1284606069442
526,907.2559752273945,249.5528898773873
527,908.4474043383021,253.45010865334973
528,909.6385786498944,242.52380140022905
529,910.8294982438964,260.78275301727575
530,912.020163202007,261.3835103603741
531,913.2105736058796,261.7980765757768
532,914.4007295371417,260.6760624031366
533,915.5906310773796,248.83743192754264
534,916.7678874599469,244.22233227912307
535,917.9572831105532,250.06725962082507
536,919.1464246138446,254.64716033596844
537,920.3353120512702,251.73695061821428
538,921.5239455042453,247.75862856678913
539,922.7123250541498,255.50769538020745
540,923.9004507823295,246.81261687539242
541,925.088322770095,248.1169593003035
542,926.2635713815689,251.90038791119835
543,927.4509387733167,260.75797079305175
544,928.638052667529,264.8985253514951
545,929.824913145378,272.9385167687526
546,931.0115202879987,275.28811865240414
547,932.197874176496,286.93605065889653
548,933.3716209807495,289.76863220717934
549,934.5574712401293,293.9487746759073
550,935.743068487642,297.53577930768574
551,936.9284128042514,303.0043037074943
552,938.1135042708911,303.7328507570407
553,939.2983429684577,312.28520860949925
554,940.4705908423088,312.68088938710395
555,941.654926875184,312.9066810539406
556,942.8390103806244,321.89784007707635
557,944.0228414393857,341.5222341932847
558,945.2064201321934,336.8189441141138
559,946.3774215230148,346.3506242673942
560,947.5604983526644,362.1635130391996
561,948.7433230574867,369.85014360726
562,949.9258957180687,378.7744543872379
563,951.0959018727331,389.03242975556344
564,952.277973309823,399.0929767213076
565,953.459792943387,409.6728855543227
566,954.6413608538728,428.06985256931256
567,955.8226771217002,427.13116266515584
568,956.9914403661952,440.9124175471009
569,958.1722562090022,454.86771919385393
570,959.3528206493532,464.5520909224596
571,960.5331337675252,462.2095528677549
572,961.7009046272045,476.6108617820784
573,962.8807179575807,490.5825874433438
574,964.0602802055771,496.8980926482282
575,965.239591451336,497.8127901279461
576,966.4063711895942,510.3820105397285
577,967.5851832836977,511.09545174718573
578,968.7637446149553,530.3301517488223
579,969.9420552633704,521.0739019954266
580,971.1078451414643,525.4975634854108
581,972.2856572732868,530.8618690970961
582,973.4632189612553,542.8702166291828
583,974.6405302852364,548.5161748658771
584,975.8053315622848,540.5972079344699
585,976.9821450036605,552.4111217135427
586,978.1587083196298,559.2613050460398
587,979.3227696151797,553.9844321124549
588,980.4988355229124,557.0879743962223
589,981.6746515435136,564.4602689031602
590,982.8502177566204,563.9927747045411
591,984.0132926486247,562.1712526268791
592,985.1883620856021,573.3549067097625
593,986.3631819529567,564.9762433090588
594,987.5255185077137,553.604278106615
595,988.6998420719049,549.811671451261
596,989.8739163040457,546.1003128492182
597,991.0355152243917,544.4202547766325
598,992.2090936257343,537.3024382124963
599,993.3824229322935,539.5831458590568
600,994.5432849201757,519.1510766430312
601,995.7161188677054,525.0426273323375
602,996.8887039574171,521.865970945114
603,998.0488297138936,507.277810286912
604,999.2209199157442,495.21273815030685
605,1000.3927614964493,501.18569331635194
606,1001.5521517216827,498.24900713017183
607,1002.7234988850965,490.6725163287184
608,1003.8945976637297,478.58813444170903
609,1005.0532530570043,468.03696987014314
610,1006.2238578883195,457.6831193554965
611,1007.3942145709218,458.50579417844926
612,1008.5521358306287,450.83306883094224
613,1009.7219990352967,445.15799024575784
614,1010.879432111892,446.7583016354675
615,1012.0488021506677,455.01593898647326
616,1013.2179244332377,441.92949714580266
617,1014.3746245374805,440.8106066246076
618,1015.5432541225509,450.56261599666186
619,1016.7116361866875,462.9466030544031
620,1017.8676040146139,486.7688834085043
621,1019.0354938490451,496.79170927061875
622,1020.1909747285689,508.63072248676565
623,1021.3583726442896,528.871180682768
624,1022.525523430263,564.5787769398356
625,1023.6802731907716,591.7622567412595
626,1024.846932524844,642.3924771482857
627,1026.001196106328,691.0149592642623
628,1027.1673642988353,766.9048273764769
629,1028.3332857519579,819.5352689207289
630,1029.4868193692907,893.9793975853551
631,1030.6522501466798,952.2391507173744
632,1031.805298352744,1031.267004993588
633,1032.9702387640825,1090.7405402826437
634,1034.1228018652089,1138.1103512858501
635,1035.2872522199214,1156.2819817700793
636,1036.43933052218,1174.4383864213298
637,1037.603291129429,1159.0106519469866
638,1038.7670056975512,1137.942943504381
639,1039.9183561073305,1083.7162303096552
640,1041.0815813920563,1028.3065256421394
641,1042.2324477678246,941.9408644453567
642,1043.3951840776674,868.9113780194118
643,1044.5455667245956,768.8716363162723
644,1045.7078143678095,691.2614565565957
645,1046.857713590812,614.1955386649335
646,1048.019472875395,548.2289007072592
647,1049.1688889791299,481.93644267371013
648,1050.3301602128179,429.3803830208882
649,1051.491186259564,387.24621515656514
650,1052.6398769919606,354.402569357717
651,1053.8004154497337,324.1727280554703
652,1054.9486238241875,312.04508374908784
653,1056.1086750000816,299.8651520396454
654,1057.2564013203557,291.67989055238564
655,1058.4159655211995,282.8070264213838
656,1059.5632100908058,278.3006144987508
657,1060.722287623175,282.1294612111951
658,1061.8690507453666,285.01715002043466
659,1063.0276419155787,288.764401928089
660,1064.1739238933515,291.4048853851706
661,1065.3320290074678,295.6531303984581
662,1066.47783014357,309.5959700925812
663,1067.623392230245,316.3559073029917
664,1068.780770104316,315.46417008393803
665,1069.9258518021697,323.9082918539264
666,1071.0827443833737,322.25142868739465
667,1072.2273459945172,316.60667943059036
668,1073.3837535880177,316.86970540189026
669,1074.5278754143123,312.39916641327534
670,1075.6837983250177,308.51234814318093
671,1076.8274406680666,306.43683725874666
672,1077.9828792006288,295.65743853672177
673,1079.126042361784,282.3131007386676
674,1080.2809968205995,271.07154526200645
675,1081.423681100961,256.2858643408403
676,1082.5661273065912,251.06405178433903
677,1083.7203574905911,239.2783042689183
678,1084.8623252658185,229.21921949482675
679,1086.0160721351563,211.8047266803578
680,1087.15756178045,196.51255298363648
681,1088.3108256386306,188.9407760910786
682,1089.4518374542126,182.932078630127
683,1090.5926117175186,172.78780782540366
684,1091.7451528903243,163.0363103863882
685,1092.8854497729933,153.99178920718595
686,1094.0375086915037,152.48959873919847
687,1095.1773284931244,139.58744319677376
688,1096.3169111146103,129.83085035136557
689,1097.468248479874,131.6115062085148
690,1098.6073544684473,131.67767664661073
691,1099.7582103346995,134.49173484664118
692,1100.8968399893286,128.36258407429804
693,1102.0352328351821,123.64705364326534
694,1103.185368277952,125.05959009274012
695,1104.3232852370622,126.32569633733199
696,1105.4729399345254,133.10482687853747
697,1106.6103813052323,128.4097787929362
698,1107.7475862377567,125.23499004519797
699,1108.8965216391432,133.47200145886802
700,1110.0332514295308,126.99804989039662
701,1111.1697450035592,117.79738240413462
702,1112.3179617837154,115.58116494412558
703,1113.4539806613182,110.72183857319678
704,1114.589763544112,101.80135582487821
705,1115.7372623770366,98.17366832930135
706,1116.8725710085564,92.9483380383008
707,1118.007643866538,81.85233752946587
708,1119.1544254253904,83.32011701947718
709,1120.2890244766925,79.09133189058937
710,1121.4233879754534,76.78389540257137
711,1122.5694529325474,71.18528044485417
712,1123.703343068668,74.63648343940473
713,1124.836997872965,69.35568661493782
714,1125.9823468997795,67.30781077816626
715,1127.1155287849226,65.72138872104154
716,1128.2484755586845,66.86392512056506
717,1129.3931093258573,65.43154800931039
718,1130.5255836233964,67.331406824653
719,1131.6578230297275,61.972486519911
720,1132.8017422070568,69.18121183537751
721,1133.9335095795416,58.66233755735428
722,1135.0650422807073,53.00719706583982
723,1136.2082475371567,47.31070072844952
724,1137.3393086463059,50.60961494553269
725,1138.4701353037565,52.846600869016356
726,1139.6007275824015,46.01032555116723
727,1140.742982814163,40.072074250971866
728,1141.873104088516,36.98161341587928
729,1143.0029912033192,27.512002071972283
730,1144.1326442313384,18.177282665601023
731,1145.2739506221526,10.073012091596883
732,1146.4031332326365,12.597083303200607
733,1147.5320819752237,14.636346660167055
734,1148.6726768893443,12.746826932679369
735,1149.8011556542094,7.09774468221367
736,1150.9294007697981,0.94482837331464
737,1152.05741230867,4.71792476044001
738,1153.1970604494345,6.449703857551694
739,1154.3246025956282,3.1133079640431696
740,1155.4519113833594,1.730665771110016
741,1156.5789868850654,7.102422434349392
742,1157.717689430817,9.525100228333276
743,1158.8442961239266,6.692181015056567
744,1159.970669748901,3.07180515091306
745,1161.0968103780588,2.0811207456154897
746,1162.222718083686,5.564126689892919
747,1163.3602409088585,9.176346795921827
748,1164.4856805342472,9.674066746488107
749,1165.6108874535444,2.5023948474479583
750,1166.7358617389207,7.46880932874642
751,1167.872441612441,7.751710870013439
752,1168.9969483994812,6.80492831432327
753,1170.1212227696817,5.239222667994345
754,1171.2452647950856,3.5247259965741797
755,1172.3690745477186,3.656030788188791
756,1173.492652099563,11.920038150993669
757,1174.6278209769068,2.799559547086301
758,1175.7509319007022,-0.44039545606100544
759,1176.8738108402501,8.79110592408616
760,1177.9964578674246,12.856271690609065
761,1179.1188730540607,12.883816281419158
762,1180.2528676965826,18.468539464430012
763,1181.3748169790133,19.681656780168105
764,1182.496534637,22.499807239551256
765,1183.618020742267,26.424668804311214
766,1184.7392753665015,29.843939341652913
767,1185.8602985813675,26.116973145922465
768,1186.9928870376,34.326777481219985
769,1188.1134452145902,37.3286332551529
770,1189.2337721977706,29.34385413050203
771,1190.3538680586835,37.61541260909042
772,1191.4737328688404,43.864129122328734
773,1192.5933666997275,42.845225140328274
774,1193.7127696227956,45.57972359970621
775,1194.8437212408155,46.6694170003507
776,1195.9626601337673,51.75310481112837
777,1197.0813683338388,52.79147091583251
778,1198.199845912364,55.56251319972323
779,1199.3180929406512,63.2273061147528
780,1200.436109489978,62.58680555262571
781,1201.553895631591,68.91773223142577
782,1202.6714514367081,67.57269938343684
783,1203.800537073565,61.276235200038855
784,1204.91762999651,64.58790562463831
785,1206.0344927971905,68.67739900981854
786,1207.1511255467042,64.36823769155221
787,1208.2675283161225,63.63565847798823
788,1209.3837011764867,73.96407353203602
789,1210.4996441988121,71.77849086941356
790,1211.6153574540815,65.1077863544468
791,1212.7308410132496,73.60113161387771
792,1213.8460949472399,78.06513179885592
793,1214.9611193269511,77.56633333750929
794,1216.0876476861004,79.63732166875147
795,1217.2022107553316,81.15221289131914
796,1218.31654448354,83.1694427765162
797,1219.430648941504,88.32176838917984
798,1220.5445241999787,92.52629518602043
799,1221.6581703296802,91.50717997970159
800,1222.7715874013047,93.28710110504664
801,1223.884775485508,101.63803590958382
802,1224.99773465293,96.86754821017617
803,1226.1104649741758,101.30267469117877
804,1227.2229665198165,106.67048871845255
805,1228.3352393603989,112.33981546598646
806,1229.4472835664458,117.53840567202028
807,1230.5590992084415,120.24566117772567
808,1231.670686356848,128.27899432268242
809,1232.782045082091,124.86210472786591
810,1233.8931754545804,128.94183977510093
811,1235.0040775446812,134.92718678738976
812,1236.114751422743,136.22596469467825
813,1237.2251971590783,142.22956477616736
814,1238.3354148239716,142.44515054330287
815,1239.4454044876816,142.9970087001358
816,1240.5551662204384,146.85695023659105
817,1241.664700092442,149.82868443515474
818,1242.7740061738573,148.6590580197787
819,1243.8830845348325,144.62758503521871
820,1244.9919352454788,157.63948894083538
821,1246.1005583758806,154.05861363173625
822,1247.208953996091,154.8839615793607
823,1248.3171221761404,162.75333446279836
824,1249.425062986025,170.51597156238182
825,1250.5327764957149,166.6341264234569
826,1251.6402627751497,171.23371884077903
827,1252.7475218942434,169.43598505431183
828,1253.8545539228767,167.18849894573393
829,1254.9613589309051,176.63992113872183
830,1256.0679369881555,175.90074624673355
831,1257.1742881644266,173.02059951888313
832,1258.2804125294847,174.50586972653932
833,1259.3863101530699,180.51647747941956
834,1260.4919811048921,169.10985457946282
835,1261.5974254546395,163.20916625929607
836,1262.7026432719636,166.1164266186483
837,1263.8076346264895,162.17702995465285
838,1264.9123995878165,162.0846250769706
839,1266.016938225509,159.125250377665
840,1267.1212506091147,155.67367649521057
841,1268.225336808139,163.8529179133178
842,1269.3291968920669,170.72976732288967
843,1270.4212149069028,169.29053786755415
844,1271.5246253473117,166.4235416919415
845,1272.6278098801747,174.91141221441984
846,1273.7307685748594,183.7213149682235
847,1274.8335015007112,187.63836410749275
848,1275.9360087270386,195.32446830420312
849,1277.038290323129,201.43716399153905
850,1278.140346358239,206.55409776091207
851,1279.242176901597,210.07038953886797
852,1280.343782022401,211.91742405749926
853,1281.4451617898233,205.9051472859528
854,1282.5347263461704,214.17547159740695
855,1283.6356579845544,213.8519844057698
856,1284.7363644761774,209.8809850238623
857,1285.8368458900923,208.4675940562911
858,1286.9371022953321,205.21543331847002
859,1288.0371337609001,201.35267105096673
860,1289.1369403557687,199.91737993382864
861,1290.2365221488847,203.06680415578236
862,1291.3243081996966,207.7046512244951
863,1292.4234429605553,204.05022551898895
864,1293.5223531256036,208.19648603421797
865,1294.6210387636725,209.63433460137344
866,1295.7194999435726,214.9760040042938
867,1296.8177367340809,218.68644697008028
868,1297.9157492039403,210.23651667858755
869,1299.0019829240384,214.3898534847973
870,1300.0995493182106,217.85282636502507
871,1301.196891597095,217.91034677086182
872,1302.2940098293257,219.68012062293542
873,1303.3909040835154,214.8731394562518
874,1304.487574428242,221.30372427068255
875,1305.572480555389,215.59058271222227
876,1306.6687056419667,213.2155941343541
877,1307.764707023937,216.2248068532387
878,1308.8604847697698,215.9804985022164
879,1309.956038947908,226.30496968384566
880,1311.0513696267628,224.24140765609548
881,1312.134950593345,224.92328084356336
882,1313.2298368295922,223.45452664645416
883,1314.3244997709107,224.59726530783047
884,1315.4189394856078,228.57367802605663
885,1316.513156041951,219.4047536866845
886,1317.5956349490564,220.96774079053398
887,1318.6894077406525,223.83349023011348
888,1319.7829575778376,219.05409342792163
889,1320.8762845287733,217.5407249780258
890,1321.9693886615973,217.9037664094285
891,1323.0507671896505,223.31886293184164
892,1324.143428234211,219.46310410324142
893,1325.235866664182,224.86145545666713
894,1326.3280825475863,223.21218740734025
895,1327.4085824433878,220.37198985308814
896,1328.500355778444,229.39311419749086
897,1329.591906770128,228.89892143068317
898,1330.6832354863566,225.89186104924465
899,1331.7628578203175,220.9113036568377
900,1332.853744527231,223.45524564056345
901,1333.9444091615494,224.11527447946864
902,1335.0348517910857,216.9640827406596
903,1336.1135976318806,218.50439551165945
904,1337.203598790256,215.48202960563168
905,1338.2933781463782,217.52667643875688
906,1339.382935767945,216.18336839078384
907,1340.4608061825152,213.83562879470628
908,1341.5499228702083,218.11387158208217
909,1342.6388180255515,213.14625212907762
910,1343.7274917161278,215.73575363488592
911,1344.8044877696802,213.50812144337866
912,1345.8927210628005,206.85381049409173
913,1346.98073309303,209.54954916906368
914,1348.0570746497049,209.56561635445806
915,1349.1446466838654,208.47888182485704
916,1350.2319976567705,206.54796829544657
917,1351.307685312998,205.27975372431263
918,1352.3945966907331,202.57601135077843
919,1353.481287208599,195.2296353392904
920,1354.5677569339098,201.2512704907771
921,1355.6425728831946,205.47644806088582
922,1356.7286035475802,206.00625159729563
923,1357.8144136204692,206.05835308987977
924,1358.8885770588638,205.3588457175
925,1359.9739484705924,202.46692176389274
926,1361.0590994916427,203.09879571976876
927,1362.132611013164,200.93225074843832
928,1363.217323772333,201.00463125216822
929,1364.301816341399,201.76621653242753
930,1365.3746765393462,206.56485681707207
931,1366.4587312453243,201.95871812957085
932,1367.5425659615296,200.3512439382744
933,1368.614775428484,203.53249361267473
934,1369.6981726799115,211.25395647979556
935,1370.7813501416554,213.16315513842775
936,1371.8529094694748,217.7946897559102
937,1372.9356498642692,215.23164401594505
938,1374.006776856721,214.06278587271933
939,1375.0890804490527,219.50017478892144
940,1376.1711645844014,220.32321564375678
941,1377.241642421868,216.61328454622134
942,1378.3232901517822,221.74484076134047
943,1379.404718624157,219.35851771349544
944,1380.474547896585,223.19619785342027
945,1381.5555403600658,210.85459545916024
946,1382.6249383436218,209.65889141875357
947,1383.705495061839,207.48256504803817
948,1384.7858328541502,210.4089564017023
949,1385.854583253643,212.34016972787902
950,1386.934485696435,207.80916604654468
951,1388.0028054592276,205.6357952218892
952,1389.082272815602,208.13345063168447
953,1390.1615215770337,207.6267705326129
954,1391.2291947347585,204.5677614773407
955,1392.3080088047193,205.8088668345266
956,1393.375251976599,209.2562567971059
957,1394.4536316176561,212.2384095428053
958,1395.520445063392,210.43550044743176
959,1396.5983905379073,205.9802528722724
960,1397.6761178795716,203.53193832173392
961,1398.7422860871086,203.07479400551023
962,1399.8195796560633,201.883093327079
963,1400.8853187864813,196.56562044442046
964,1401.9621788445568,194.45603758522412
965,1403.0274891568242,191.35416802588367
966,1404.1039159656386,180.93101599134155
967,1405.1687977185177,181.48283202081845
968,1406.2447915394807,175.32734110946222
969,1407.3205678196994,174.59971261687727
970,1408.3848060858343,173.52123703227505
971,1409.4601497706112,174.81304662718634
972,1410.5239601240344,177.15666439332563
973,1411.5988714742505,174.4669056572994
974,1412.6622541729932,180.34904844923548
975,1413.7367334493251,172.92297649022996
976,1414.7996887512154,175.82954875290957
977,1415.8737362141233,174.57241127204892
978,1416.9362643767802,174.63665057849238
979,1418.0098802865205,171.89342824600942
980,1419.071981567353,172.7138040849361
981,1420.1451661839715,172.4024587253498
982,1421.2068408401851,168.08352748935314
983,1422.2795944235172,164.04185668369857
984,1423.3408427121115,165.09460305328642
985,1424.4131655217845,160.68456290515113
986,1425.4739876995502,164.3234522910227
987,1426.5458799949836,161.563403579315
988,1427.606276318506,160.08473919006562
989,1428.6777383589128,155.49157003121002
990,1429.737709084573,153.22295362363818
991,1430.808741128952,146.75137366985302
992,1431.8682865129233,145.67607631360244
993,1432.9388888200756,145.36550052152725
994,1433.998009118323,141.8597426488497
995,1435.0569180935258,140.2525663382902
996,1436.1268774151238,134.6421288037975
997,1437.185361687495,127.68324193490125
998,1438.2548919172618,128.33345604096522
999,1439.312951742257,129.70833269142565
1000,1440.3820531382626,132.60759749031152
1001,1441.4396887711375,134.1242629724194
1002,1442.50836159124,138.46693790346117
1003,1443.565573287038,134.6598440873783
1004,1444.6225742307302,137.08139671301151
1005,1445.690605802461,135.60035248500142
1006,1446.7471831905877,133.10108060733322
1007,1447.8147868294948,135.38730680955746
1008,1448.8709409165938,143.02552593184734
1009,1449.9381168798152,138.35397285042964
1010,1450.9938479202192,137.00750630625052
1011,1452.049368651086,131.73205722942518
1012,1453.115904712528,128.12602505191163
1013,1454.1710027771442,127.48289047123725
1014,1455.2371118041733,124.27253793185238
1015,1456.2917874563634,117.42739818691948
1016,1457.346253114283,112.27668049930428
1017,1458.411723198787,117.27229481088456
1018,1459.4657668239659,112.39242875251243
1019,1460.5308105140468,104.17308031407114
1020,1461.5844323598,103.78221048684256
1021,1462.637844525923,100.86064151463339
1022,1463.702250230814,98.34041970711277
1023,1464.7552409964396,97.20057879757533
1024,1465.8080222707783,92.30347861059116
1025,1466.8717905635606,93.90049753799013
1026,1467.9241508158734,87.37405848520251
1027,1468.987493735295,83.92739425412672
1028,1470.0394332180906,77.5978243199753
1029,1471.091163523237,77.5541443207897
1030,1472.1538699848277,82.09570804537765
1031,1473.2051798981731,77.09936175547631
1032,1474.2562808216123,71.45184686646253
1033,1475.3183513966294,73.84698265805953
1034,1476.3690323055353,70.444358064193
1035,1477.4195044120584,65.30050624394573
1036,1478.4809396710657,58.47265316273313
1037,1479.53099213987,61.93822748115074
1038,1480.5808359935895,64.82291463036726
1039,1481.6416365064717,61.79012442568465
1040,1482.6910610988339,59.13801903517802
1041,1483.7402772631858,52.661768414035066
1042,1484.8004435991513,53.716766645779025
1043,1485.8492408780585,49.12723101720685
1044,1486.8978299158089,39.9417668750769
1045,1487.9573626433764,35.467847553898835
1046,1489.0055331711455,35.85237124837985
1047,1490.053495644384,37.82867939428083
1048,1491.1012501250277,34.67734230375484
1049,1492.159939669674,30.587128336413098
1050,1493.2072761398197,28.483773308962164
1051,1494.254404803704,23.81948570080286
1052,1495.3124620632013,18.409451200540552
1053,1496.3591730910039,19.032037557363346
1054,1497.4056764986526,20.14317324915879
1055,1498.4519723479166,23.301178860241233
1056,1499.5091881848075,24.541292225749547
1057,1500.5550668960786,22.30078640646493
1058,1501.600738234778,25.669136806987364
1059,1502.6462022625708,26.31366926530205
1060,1503.7025776801715,22.57045884973827
1061,1504.7476250672707,24.551178637276752
1062,1505.7924653289833,25.67796385596599
1063,1506.837098526879,27.112605583721205
1064,1507.8926345269122,23.233359352476892
1065,1508.9368515806227,23.708557132778832
1066,1509.980861755739,19.41983375796255
1067,1511.0246651137334,16.185592344922707
1068,1512.0793626963277,14.546076120272437
1069,1513.1227504058559,12.567911801714736
1070,1514.1659314831923,7.5752631377236135
1071,1515.2089059897112,11.60095645831625
1072,1516.2627661534084,4.828138677106972
1073,1517.3053255063953,4.562004767466606
1074,1518.347678473198,3.7416188603544107
1075,1519.3898251150954,1.1086973287892306
1076,1520.4317654933411,-1.3628797358324847
1077,1521.4845808393661,5.765876260229152
1078,1522.526106681316,6.143695046228495
1079,1523.5674264438824,8.078884634401074
1080,1524.6085401882233,1.629745877842479
1081,1525.6494479754726,9.272073537626447
1082,1526.7012200568327,9.362291812040375
1083,1527.741713923795,13.05258848393185
1084,1528.7820020175682,14.185148896068586
1085,1529.8220843991905,17.767111188017534
1086,1530.86196112967,26.70252699673569
1087,1531.9126914962967,30.156890922117064
1088,1532.9521549212818,29.72079411562342
1089,1533.991412878664,35.36034592457531
1090,1535.030465429361,38.647679549671395
1091,1536.069312634259,46.23669665784496
1092,1537.1079545542314,46.8225513515782
1093,1538.157437345998,51.27244115588473
1094,1539.1956666963588,54.771545462324305
1095,1540.2336909448943,62.871893120986904
1096,1541.271510152372,70.19120152733741
1097,1542.3091243795461,74.66470398108932
1098,1543.346533687134,82.78661427247215
1099,1544.3837381358362,85.6268046483908
1100,1545.4317685967799,92.21229286315491
1101,1546.468561331978,98.35395141043115
1102,1547.505149390887,103.55350938095108
1103,1548.5415328341076,106.15268187664864
1104,1549.5777117222228,109.7937859655243
1105,1550.613686115785,116.97308464065848
1106,1551.6494560753256,122.41560681037576
1107,1552.685021661349,122.54427979509833
1108,1553.7313963178563,126.33477887005391
1109,1554.7665511657046,132.01270456267446
1110,1555.8015018220565,139.34350843816216
1111,1556.8362483473256,144.82622129117638
1112,1557.8707908018998,151.3710083849029
1113,1558.9051292461436,157.9814426994024
1114,1559.9392637403944,166.0560781258095
1115,1560.9731943449688,170.15860874613838
1116,1562.0069211201615,175.83174613361408
1117,1563.0404441262388,177.70319974242847
1118,1564.08475508706,186.78741616508952
1119,1565.1178685694658,193.05294611650177
1120,1566.1507784640612,199.85462471603714
1121,1567.1834848310189,208.61328790489225
1122,1568.2159877304864,213.59416420920832
1123,1569.2482872225935,220.59302449941518
1124,1570.2803833674398,228.85655136242383
1125,1571.3122762251048,245.06289787170033
1126,1572.343965855641,256.8859985297944
1127,1573.3754523190826,269.340844679259
1128,1574.4067356754356,278.8159923354284
1129,1575.4378159846847,290.64048899108343
1130,1576.4686933067906,303.4014461317724
1131,1577.499367701688,311.4387833739939
1132,1578.5298392292946,323.2243961372261
1133,1579.5601079494925,344.4326309299775
1134,1580.590173922156,359.97714100491453
1135,1581.6200372071198,374.9180283189731
1136,1582.6496978642085,388.37629121178
1137,1583.6791559532153,405.3963218915031
1138,1584.7193599729517,419.3736046427668
1139,1585.7484109516995,445.7584490247632
1140,1586.7772595422455,465.1753426710711
1141,1587.8059058042925,483.5762290786748
1142,1588.8343497975152,508.2334801145002
1143,1589.8625915815703,523.855335099049
1144,1590.890631216087,537.6993430471113
1145,1591.9184687606726,556.5748853657911
1146,1592.9461042749103,578.9094942813239
1147,1593.973537818362,590.077398215555
1148,1595.0007694505637,613.6718077163641
1149,1596.027799231029,631.3833717996262
1150,1597.054627219248,651.9219079963393
1151,1598.0703329802025,666.0826250578734
1152,1599.0967597074548,688.7993945228644
1153,1600.1229848201576,712.7708535158621
1154,1601.1490083777119,733.4861348091341
1155,1602.1748304394885,753.2534290858868
1156,1603.200451064837,772.7389237813039
1157,1604.2258703130867,794.4341133045796
1158,1605.2510882435395,814.1837294705639
1159,1606.2761049154772,827.0225283645888
1160,1607.300920388158,843.0527739947761
1161,1608.3255347208117,853.0424429189031
1162,1609.3499479726534,869.6070410453124
1163,1610.3741602028674,879.5521360626768
1164,1611.3981714706185,885.5537239925959
1165,1612.42198183505,905.4211677196514
1166,1613.445591355277,920.8277158200691
1167,1614.469000090395,934.7119821732653
1168,1615.4922080994756,937.2655055109093
1169,1616.515215441569,959.5427334139101
1170,1617.5380221756966,977.5144125195102
1171,1618.5497506268523,992.8621949337416
1172,1619.5721584545968,997.5864075274982
1173,1620.5943658506865,1009.207807483926
1174,1621.6163728740544,1022.5663607302334
1175,1622.638179583607,1032.549192499451
1176,1623.6597860382367,1035.3125895529274
1177,1624.681192296804,1031.2090300658456
1178,1625.7023984181494,1037.1774254669085
1179,1626.72340446109,1049.7199440006398
1180,1627.7442104844206,1041.2114735381522
1181,1628.7539600877117,1046.289134604289
1182,1629.7743683744243,1042.2905961530548
1183,1630.7945768171458,1046.3306437748215
1184,1631.814585474579,1045.3690317760236
1185,1632.8343944054077,1041.578931776489
1186,1633.8540036682828,1038.9986478200437
1187,1634.8734133218445,1035.0622292491355
1188,1635.8926234246958,1045.092279844472
1189,1636.9007945466526,1032.780615254348
1190,1637.9196078451591,1015.7722518661963
1191,1638.938221768028,1014.5369098317797
1192,1639.9566363737824,997.3792193119095
1193,1640.9748517209193,998.6522521757516
1194,1641.9928678679078,984.7287477076426
1195,1643.0106848732014,971.9014270351622
1196,1644.017478120137,955.8641119505658
1197,1645.0348991342785,942.2288349998302
1198,1646.0521211813161,930.4850150689527
1199,1647.069144319615,906.8901473182274
1200,1648.085968607505,886.6925793305959
1201,1649.1025941033033,878.2932319088334
1202,1650.1082088602857,859.0118495340696
1203,1651.1244390600139,840.4689697615648
1204,1652.1404706418318,812.5343374256452
1205,1653.1563036639675,799.2000344255307
1206,1654.1719381846167,784.4046344842495
1207,1655.1765727946176,761.8263492836954
1208,1656.1918125969833,743.381006982891
1209,1657.2068540717096,718.6420242881491
1210,1658.221697276906,697.652459712154
1211,1659.2363422706617,683.9220316908348
1212,1660.2399981659664,663.9740595676326
1213,1661.2542490180974,638.3748276043268
1214,1662.2683018322923,623.8686396933249
1215,1663.2821566665477,607.1578470586874
1216,1664.2958135788376,586.6325476015226
1217,1665.2984921889476,564.6468785487784
1218,1666.3117555351507,547.8195676633036
1219,1667.3248211325617,525.5838600377874
1220,1668.3376890390552,511.3878766256219
1221,1669.3395872643393,497.1609754369507
1222,1670.3520620641289,481.092171248448
1223,1671.3643393459054,458.0103283956933
1224,1672.3764191674609,441.894936516341
1225,1673.3883015865704,423.51149462522955
1226,1674.38922509214,406.4916531479184
1227,1675.4007149780668,394.83449018603574
1228,1676.4120076341073,376.6351369684458
1229,1677.4123478204417,361.9398704309288
1230,1678.423248286391,349.87326807746075
1231,1679.4339516948203,329.9203781129777
1232,1680.4444581033397,313.74934393177784
1233,1681.4440206327185,296.8095662888691
1234,1682.4541353083873,288.61123722179565
1235,1683.4640531562436,279.6685799764436
1236,1684.473774233807,261.62206864677006
1237,1685.4725600126967,247.38608350485316
1238,1686.4818898139388,230.13122034717387
1239,1687.4910230167206,213.5455598510381
1240,1688.4892273438422,199.59130236325262
1241,1689.4979696119283,181.34920651372514
1242,1690.5065154531815,168.58659571816133
1243,1691.5148649249666,156.52510892228503
1244,1692.5122940839206,144.26956628572884
1245,1693.5202530763013,128.57660168007192
1246,1694.528015870574,111.35986824984845
1247,1695.524864761839,99.80045224794863
1248,1696.5322374174093,89.11579907756875
1249,1697.539414046035,78.1931433180572
1250,1698.5356831758286,71.83345693119709
1251,1699.5424700060546,65.49055149504574
1252,1700.549060980295,60.89480457243456
1253,1701.5447508542527,50.750598163458946
1254,1702.5509523700039,42.27685908359757
1255,1703.5569582005378,39.16416217802589
1256,1704.5520693237002,35.15315018629158
1257,1705.5576860352542,29.676551569530726
1258,1706.5631072321553,26.269130498684618
1259,1707.5576401089804,22.419562015765802
1260,1708.5626725260227,15.85570589892623
1261,1709.5675095987772,14.44493038699553
1262,1710.5614647331367,9.4334469852359
1263,1711.565913364759,6.400612114680957
1264,1712.559484301759,8.5534512063901
1265,1713.5635447174395,5.326679767315668
1266,1714.567410072141,1.600648941960294
1267,1715.5604041045647,-0.5843184643625363
1268,1716.563881581396,1.5344082373269838
1269,1717.5671641670863,-0.2634928727877968
1270,1718.5595817972464,1.004089112043048
1271,1719.5624768427458,6.257181218140341
1272,1720.5545111665613,8.261997353641009
1273,1721.5570188963713,13.135581299142732
1274,1722.5593320174685,18.891554431519527
1275,1723.5507907743158,22.650023785008234
1276,1724.55271691675,29.366277408323885
1277,1725.5437929225895,35.23803743297332
1278,1726.5453323104261,39.06645203278287
1279,1727.5466773714315,47.86333683612722
1280,1728.5371786439916,57.72961808618178
1281,1729.5381372867753,67.45737918270991
1282,1730.5282563625938,74.6963913744646
1283,1731.5288288107877,82.7256432483278
1284,1732.5292072134903,89.66752438834752
1285,1733.5187523881066,94.89135589425143
1286,1734.5187449319446,106.08167557926281
1287,1735.507908463016,115.82630457702219
1288,1736.5075153711946,126.89691331393107
1289,1737.4962974794646,140.17558785273948
1290,1738.4955189750144,152.1338546613971
1291,1739.4839198810532,164.96629977919994
1292,1740.482756186837,175.19293748963057
1293,1741.4813989519314,190.45777349011115
1294,1742.4692274497513,207.57163063633988
1295,1743.467485359636,221.567162239388
1296,1744.4549332065067,238.29593395777206
1297,1745.4528064836122,253.32830473702793
1298,1746.4398738995098,271.4096732345732
1299,1747.4373627660955,290.7154360661093
1300,1748.424049970829,309.7345899967648
1301,1749.4211546489803,326.697868491093
1302,1750.4074618621894,344.7980894696718
1303,1751.4041825738234,366.4518094364358
1304,1752.3901100149787,385.34296627747227
1305,1753.386446981841,402.37205985728303
1306,1754.371994870242,424.8312622155705
1307,1755.367948313906,447.986420098667
1308,1756.3531168686875,470.34801355695157
1309,1757.3486870105542,492.38397890473664
1310,1758.3334764506815,514.5520659548715
1311,1759.3286635119864,538.1453368494145
1312,1760.3130740562538,562.331160874954
1313,1761.3078782580594,586.42747763448
1314,1762.2919101250939,610.0533256574845
1315,1763.2863316882913,636.8722318502014
1316,1764.269985096551,665.2723258017877
1317,1765.2640242418663,690.6077076348498
1318,1766.2472994096445,717.4148953625102
1319,1767.2409563576305,743.5265850278057
1320,1768.2238535030472,771.543435565225
1321,1769.217128474085,799.456693374507
1322,1770.1996478150973,827.1177936720461
1323,1771.1819793451793,855.8357787166751
1324,1772.1746827837997,886.1445165178073
1325,1773.156636835514,915.048512521953
1326,1774.1489588468207,945.0875015428646
1327,1775.130535637704,974.1544826384587
1328,1776.1224764414862,1008.6698347141418
1329,1777.1036761889104,1038.301865268098
1330,1778.095236004793,1071.0405805844246
1331,1779.07605892596,1102.7263956640454
1332,1780.0566945223752,1136.3309972525744
1333,1781.0476842853445,1168.5870764958602
1334,1782.0279433804144,1200.7733572949976
1335,1783.0185527032186,1237.9564501788411
1336,1783.9984355137317,1275.5365341066372
1337,1784.978131268739,1313.5165224038474
1338,1785.9681713579787,1351.8993419634517
1339,1786.9474911527207,1390.6879332836834
